Sr_no,Cases,Education,Applicant_Income,Family_Income,Total_assets,Business_type,Credit,Loan_Amount,Loan_Amount_Term,Rating_Reviewportal,Daily_Sales,Competition,Rent_Wages,Size_Shop,Location,Supply,Total_Workers,No_customers,Freq_Supply_pay,Nature,Loan_Status
1,1,Graduate,5849,0,0,Yes,Yes,,360,5,0,3,1,3,0,3,6,4,0,0,Y
2,2,Graduate,4583,1508,3,No,Yes,128,360,2,1,0,5,0,0,5,1,1,1,1,N
3,0,Graduate,3000,0,0,No,Yes,66,360,2,5,1,4,0,5,5,2,3,4,1,Y
4,0,Not Graduate,2583,2358,2,Yes,No,120,360,3,1,0,3,2,5,3,7,4,5,1,Y
5,2,Graduate,6000,0,2,Yes,Yes,141,360,5,1,0,4,3,0,3,2,2,0,2,Y
6,0,Graduate,5417,4196,3,Yes,Yes,267,360,5,4,3,4,3,2,2,7,4,5,0,Y
7,3,Not Graduate,2333,1516,1,Yes,No,95,360,0,2,0,4,4,3,4,0,4,5,5,Y
8,0,Graduate,3036,2504,2,Yes,Yes,158,360,3,0,5,5,0,5,1,3,0,5,1,N
9,0,Graduate,4006,1526,2,Yes,No,168,360,0,2,1,2,1,2,4,2,4,4,5,Y
10,2,Graduate,12841,10968,0,Yes,No,349,360,4,0,3,3,3,5,2,1,1,5,4,N
11,4,Graduate,3200,700,4,Yes,No,70,360,4,5,3,0,3,4,5,3,4,4,1,Y
12,2,Graduate,2500,1840,2,No,No,109,360,3,5,5,3,0,3,5,2,0,5,0,Y
13,1,Graduate,3073,8106,4,No,Yes,200,360,1,2,4,0,0,5,1,3,1,2,5,Y
14,0,Graduate,1853,2840,1,Yes,No,114,360,4,2,1,2,1,2,0,6,2,0,4,N
15,2,Graduate,1299,1086,4,No,Yes,17,120,1,3,1,0,2,4,1,6,5,4,4,Y
16,4,Graduate,4950,0,4,No,No,125,360,5,4,0,3,5,4,0,4,5,1,2,Y
17,0,Not Graduate,3596,0,5,No,Yes,100,240,0,2,3,5,2,0,3,4,2,3,5,Y
18,3,Graduate,3510,0,2,No,Yes,76,360,5,3,1,0,4,3,0,6,4,5,3,N
19,0,Not Graduate,4887,0,2,Yes,No,133,360,2,3,0,5,2,3,1,1,2,4,3,N
20,2,Graduate,2600,3500,2,No,No,115,,5,5,3,3,1,2,1,6,5,4,1,Y
21,2,Not Graduate,7660,0,3,Yes,Yes,104,360,0,1,0,5,1,2,2,3,5,2,3,N
22,4,Graduate,5955,5625,4,Yes,Yes,315,360,2,3,1,2,5,3,1,0,0,4,2,Y
23,3,Not Graduate,2600,1911,5,Yes,No,116,360,3,3,5,0,5,1,3,6,3,4,2,N
24,0,Not Graduate,3365,1917,3,No,No,112,360,2,4,4,2,3,0,5,1,0,4,0,N
25,2,Graduate,3717,2925,3,No,No,151,360,1,4,5,5,0,1,0,6,2,1,3,N
26,3,Graduate,9560,0,5,Yes,Yes,191,360,2,0,2,4,0,4,3,7,5,1,1,Y
27,0,Graduate,2799,2253,3,No,No,122,360,4,4,1,1,2,5,2,1,3,4,2,Y
28,3,Not Graduate,4226,1040,4,Yes,Yes,110,360,4,0,5,0,0,2,3,5,2,5,3,Y
29,2,Not Graduate,1442,0,2,No,Yes,35,360,2,3,3,3,1,3,2,1,0,4,3,N
30,3,Graduate,3750,2083,1,No,No,120,360,4,4,0,4,5,1,5,2,0,5,0,Y
31,0,Graduate,4166,3369,3,No,Yes,201,360,0,5,2,1,2,4,2,1,5,1,0,N
32,1,Graduate,3167,0,3,Yes,No,74,360,1,4,2,0,1,3,4,5,1,2,3,N
33,3,Graduate,4692,0,1,Yes,No,106,360,5,4,5,2,4,2,1,6,5,5,2,N
34,0,Graduate,3500,1667,2,No,No,114,360,1,5,5,4,5,2,2,2,4,5,2,Y
35,1,Graduate,12500,3000,3,Yes,Yes,320,360,3,2,5,4,0,1,3,4,3,4,3,N
36,1,Graduate,2275,2067,2,No,Yes,,360,1,0,0,5,2,0,4,3,4,4,3,Y
37,4,Graduate,1828,1330,1,Yes,Yes,100,,2,4,5,2,3,5,2,6,4,0,2,N
38,2,Graduate,3667,1459,4,No,No,144,360,5,5,3,5,0,1,4,0,3,2,1,Y
39,2,Graduate,4166,7210,0,Yes,Yes,184,360,3,4,2,3,5,3,4,1,1,1,0,Y
40,0,Not Graduate,3748,1668,1,Yes,Yes,110,360,4,0,1,3,2,5,4,7,1,2,0,Y
41,2,Graduate,3600,0,2,No,Yes,80,360,5,1,3,4,1,3,4,6,1,2,0,N
42,1,Graduate,1800,1213,5,No,No,47,360,0,3,5,3,5,0,2,7,2,4,2,Y
43,1,Graduate,2400,0,2,No,Yes,75,360,4,2,5,1,2,4,1,2,1,5,5,Y
44,1,Graduate,3941,2336,0,No,No,134,360,3,1,2,2,5,5,1,4,0,0,3,Y
45,2,Not Graduate,4695,0,5,No,Yes,96,,5,1,0,5,5,5,0,7,0,0,1,Y
46,3,Graduate,3410,0,2,Yes,Yes,88,,0,1,2,0,0,2,5,1,0,5,4,Y
47,3,Graduate,5649,0,2,No,No,44,360,3,5,2,2,3,4,2,1,5,3,0,Y
48,2,Graduate,5821,0,1,No,Yes,144,360,3,0,1,2,4,1,2,6,2,2,1,Y
49,4,Graduate,2645,3440,4,Yes,Yes,120,360,0,3,3,3,0,1,0,6,3,3,3,N
50,3,Graduate,4000,2275,0,Yes,Yes,144,360,1,2,3,1,3,5,0,1,2,4,2,Y
51,0,Not Graduate,1928,1644,1,No,No,100,360,1,1,0,4,5,4,0,6,4,2,4,Y
52,2,Graduate,3086,0,5,Yes,Yes,120,360,0,3,5,1,0,1,2,6,1,3,0,Y
53,4,Graduate,4230,0,3,No,Yes,112,360,0,0,0,1,2,2,4,7,1,4,2,N
54,2,Graduate,4616,0,1,Yes,No,134,360,2,3,1,4,1,2,1,4,5,4,0,N
55,0,Graduate,11500,0,2,No,Yes,286,360,1,5,0,0,3,1,0,6,5,5,0,N
56,1,Graduate,2708,1167,2,No,No,97,360,3,3,5,2,5,0,2,6,0,0,4,Y
57,4,Graduate,2132,1591,2,Yes,Yes,96,360,3,2,4,0,1,1,5,3,0,5,3,Y
58,2,Graduate,3366,2200,0,No,Yes,135,360,4,5,3,0,1,3,5,2,4,0,5,N
59,1,Graduate,8080,2250,5,No,Yes,180,360,1,2,1,2,1,5,4,1,2,0,0,Y
60,1,Not Graduate,3357,2859,3,Yes,Yes,144,360,2,3,4,5,4,3,5,4,0,2,4,Y
61,2,Graduate,2500,3796,0,No,Yes,120,360,2,2,4,5,1,1,1,2,5,4,4,Y
62,4,Graduate,3029,0,2,No,Yes,99,360,1,5,3,5,3,2,3,1,0,5,0,Y
63,4,Not Graduate,2609,3449,3,Yes,No,165,180,1,5,3,1,2,3,5,6,4,1,2,N
64,3,Graduate,4945,0,2,Yes,Yes,,360,4,0,2,3,2,2,4,2,2,2,3,N
65,3,Graduate,4166,0,2,No,No,116,360,5,5,0,2,1,5,3,1,4,0,2,N
66,1,Graduate,5726,4595,1,No,Yes,258,360,4,3,3,0,1,5,2,7,1,0,2,N
67,1,Not Graduate,3200,2254,0,Yes,No,126,180,1,5,0,1,3,1,4,6,1,4,1,N
68,1,Graduate,10750,0,0,Yes,Yes,312,360,3,3,2,5,1,3,4,4,0,3,0,Y
69,2,Not Graduate,7100,0,1,Yes,Yes,125,60,5,3,4,4,2,4,2,1,4,1,4,Y
70,2,Graduate,4300,0,0,Yes,No,136,360,1,2,0,3,0,3,1,0,5,1,3,N
71,1,Graduate,3208,3066,3,No,Yes,172,360,2,5,2,3,1,5,1,7,4,0,1,Y
72,2,Not Graduate,1875,1875,0,No,No,97,360,4,1,0,2,5,3,3,6,1,4,5,Y
73,0,Graduate,3500,0,2,No,Yes,81,300,0,3,4,2,2,5,2,5,5,2,1,Y
74,0,Not Graduate,4755,0,4,Yes,No,95,,0,5,2,0,0,2,0,4,5,2,2,N
75,4,Graduate,5266,1774,4,No,No,187,360,2,2,5,1,1,2,1,2,0,5,2,Y
76,3,Graduate,3750,0,2,Yes,No,113,480,3,3,3,1,0,0,0,1,2,1,5,N
77,1,Graduate,3750,4750,3,No,No,176,360,0,2,4,1,2,0,3,0,4,5,0,N
78,2,Graduate,1000,3022,2,Yes,No,110,360,4,5,4,1,3,3,1,3,4,4,4,N
79,0,Graduate,3167,4000,3,No,No,180,300,5,3,4,1,3,1,1,6,4,5,3,N
80,4,Not Graduate,3333,2166,5,No,Yes,130,360,3,1,3,2,5,2,2,4,5,4,1,Y
81,4,Graduate,3846,0,1,Yes,Yes,111,360,1,5,1,0,5,1,0,5,3,1,1,Y
82,1,Graduate,2395,0,2,Yes,Yes,,360,1,5,3,1,2,5,0,4,0,4,5,Y
83,2,Graduate,1378,1881,3,No,Yes,167,360,3,4,4,1,5,3,4,7,3,2,2,N
84,4,Graduate,6000,2250,4,Yes,No,265,360,2,3,0,2,1,0,3,2,1,0,5,N
85,2,Graduate,3988,0,3,Yes,No,50,240,2,4,5,1,2,2,5,7,3,4,3,Y
86,0,Graduate,2366,2531,4,Yes,Yes,136,360,3,3,5,1,0,0,4,2,0,2,4,Y
87,2,Not Graduate,3333,2000,5,Yes,No,99,360,1,0,1,0,0,2,0,3,3,2,4,Y
88,2,Graduate,2500,2118,3,Yes,No,104,360,4,2,5,3,0,2,4,6,4,4,5,Y
89,1,Graduate,8566,0,5,No,No,210,360,1,2,5,5,4,4,0,0,5,2,3,Y
90,3,Graduate,5695,4167,4,No,No,175,360,4,0,4,3,5,4,2,3,3,3,1,Y
91,4,Graduate,2958,2900,1,Yes,No,131,360,5,3,0,4,0,0,4,7,3,3,3,Y
92,0,Graduate,6250,5654,3,No,No,188,180,3,5,1,2,0,2,2,1,5,5,5,Y
93,1,Not Graduate,3273,1820,2,Yes,No,81,360,0,1,5,3,4,2,0,7,5,4,4,Y
94,2,Graduate,4133,0,3,No,Yes,122,360,4,4,2,0,1,2,1,0,1,5,5,Y
95,2,Not Graduate,3620,0,5,No,Yes,25,120,0,2,5,4,5,2,2,0,4,4,5,Y
96,1,Graduate,6782,0,0,No,Yes,,360,2,4,5,1,2,1,3,2,3,2,3,N
97,2,Graduate,2484,2302,2,Yes,Yes,137,360,4,4,5,4,2,1,5,7,1,2,3,Y
98,1,Graduate,1977,997,2,Yes,Yes,50,360,3,5,1,5,3,1,2,4,3,4,4,Y
99,4,Not Graduate,4188,0,3,No,No,115,180,2,4,2,2,5,2,5,2,2,2,5,Y
100,2,Graduate,1759,3541,0,No,No,131,360,2,0,4,3,1,4,4,6,2,1,2,Y
101,4,Not Graduate,4288,3263,2,Yes,Yes,133,180,5,2,1,4,1,0,4,0,1,5,0,Y
102,1,Graduate,4843,3806,5,No,Yes,151,360,3,3,2,5,1,4,2,7,2,0,4,Y
103,1,Graduate,13650,0,5,No,Yes,,360,0,1,4,2,4,3,3,0,0,3,1,Y
104,2,Graduate,4652,3583,0,No,No,,360,2,3,5,2,3,4,4,6,2,1,3,Y
105,3,Graduate,3816,754,1,No,No,160,360,5,0,5,2,2,3,1,4,5,1,3,Y
106,2,Graduate,3052,1030,0,Yes,Yes,100,360,0,5,2,5,1,2,3,0,3,4,2,Y
107,0,Graduate,11417,1126,0,Yes,Yes,225,360,3,3,2,2,3,2,5,7,4,1,1,Y
108,4,Not Graduate,7333,0,1,Yes,No,120,360,2,5,2,0,2,3,1,2,3,3,2,N
109,3,Graduate,3800,3600,1,Yes,Yes,216,360,2,2,1,1,0,3,3,3,1,5,4,N
110,3,Not Graduate,2071,754,2,No,No,94,480,3,1,5,2,4,0,3,3,2,0,0,Y
111,0,Graduate,5316,0,3,No,Yes,136,360,1,1,3,1,2,4,4,3,5,1,3,Y
112,3,Graduate,2929,2333,0,Yes,No,139,360,2,2,2,1,2,0,3,1,2,1,1,Y
113,0,Not Graduate,3572,4114,0,No,No,152,,0,1,1,0,2,2,5,1,1,5,0,N
114,2,Graduate,7451,0,0,No,Yes,,360,0,3,5,2,4,4,4,5,2,3,0,Y
115,1,Graduate,5050,0,3,No,No,118,360,4,4,4,3,1,3,1,3,0,4,5,Y
116,1,Graduate,14583,0,2,No,Yes,185,180,5,4,0,2,0,5,0,1,0,5,4,Y
117,2,Graduate,3167,2283,3,No,No,154,360,5,5,4,2,5,0,0,2,3,5,0,Y
118,3,Graduate,2214,1398,3,No,Yes,85,360,5,0,5,4,4,2,5,6,4,1,2,Y
119,4,Graduate,5568,2142,4,Yes,Yes,175,360,2,5,1,1,4,0,0,3,1,3,3,N
120,3,Graduate,10408,0,3,No,Yes,259,360,2,3,4,0,3,4,3,4,2,0,0,Y
121,1,Graduate,5667,2667,0,Yes,Yes,180,360,0,0,4,2,4,4,4,3,3,0,2,Y
122,4,Graduate,4166,0,4,No,No,44,360,3,3,2,1,1,5,5,3,3,3,4,Y
123,1,Graduate,2137,8980,0,Yes,Yes,137,360,3,1,1,5,4,3,4,3,4,5,4,Y
124,0,Graduate,2957,0,4,Yes,No,81,360,0,4,5,3,4,2,1,1,2,3,1,Y
125,3,Not Graduate,4300,2014,2,No,No,194,360,0,2,4,0,2,5,1,5,2,0,0,Y
126,4,Graduate,3692,0,1,No,Yes,93,360,1,5,3,4,4,3,2,5,4,4,1,Y
127,4,Graduate,23803,0,0,Yes,No,370,360,1,3,4,3,0,3,0,2,1,2,5,Y
128,4,Graduate,3865,1640,0,No,No,,360,1,2,1,2,5,4,2,2,4,1,5,Y
129,1,Graduate,10513,3850,4,No,Yes,160,180,4,4,3,4,4,0,1,1,3,1,1,N
130,2,Graduate,6080,2569,3,Yes,Yes,182,360,0,1,0,4,5,4,3,4,4,3,2,N
131,1,Graduate,20166,0,5,No,Yes,650,480,5,1,2,5,1,0,3,4,0,0,2,Y
132,2,Graduate,2014,1929,4,No,Yes,74,360,2,4,5,5,5,0,4,1,5,3,0,Y
133,1,Graduate,2718,0,5,No,Yes,70,360,5,1,4,3,1,4,2,2,2,1,1,Y
134,2,Graduate,3459,0,2,Yes,Yes,25,120,0,5,5,5,3,0,3,5,4,4,3,Y
135,3,Graduate,4895,0,3,Yes,Yes,102,360,1,5,0,3,0,1,5,4,3,2,0,Y
136,4,Graduate,4000,7750,3,No,Yes,290,360,1,1,2,5,2,5,3,5,5,5,5,N
137,2,Graduate,4583,0,5,No,Yes,84,360,5,3,2,2,0,4,2,6,4,5,4,N
138,4,Graduate,3316,3500,3,Yes,No,88,360,5,0,1,2,3,1,0,0,4,0,2,Y
139,0,Graduate,14999,0,5,Yes,Yes,242,360,4,3,1,0,1,2,5,2,2,2,0,N
140,1,Not Graduate,4200,1430,5,Yes,No,129,360,5,5,5,1,1,1,5,7,1,2,3,N
141,3,Graduate,5042,2083,4,No,Yes,185,360,4,5,4,0,4,3,2,4,3,0,5,N
142,4,Graduate,5417,0,4,Yes,No,168,360,1,1,0,2,0,3,2,4,4,5,1,Y
143,0,Graduate,6950,0,3,No,Yes,175,180,1,4,4,5,4,3,5,6,0,3,1,Y
144,1,Graduate,2698,2034,5,Yes,Yes,122,360,5,3,3,5,1,1,0,0,2,4,2,Y
145,0,Graduate,11757,0,3,No,No,187,180,2,3,5,0,2,5,1,4,4,1,2,Y
146,4,Graduate,2330,4486,5,No,Yes,100,360,1,1,0,5,1,2,2,5,1,1,2,Y
147,1,Graduate,14866,0,5,No,No,70,360,5,4,2,2,1,3,2,0,0,1,3,Y
148,0,Graduate,1538,1425,2,Yes,Yes,30,360,0,3,1,4,1,3,1,4,0,2,2,Y
149,2,Graduate,10000,1666,1,No,Yes,225,360,0,4,2,3,0,0,4,0,3,1,5,N
150,0,Graduate,4860,830,3,No,No,125,360,5,4,0,5,0,2,5,5,4,1,3,Y
151,4,Graduate,6277,0,1,No,Yes,118,360,1,1,4,5,5,3,0,2,2,2,3,N
152,2,Graduate,2577,3750,5,Yes,Yes,152,360,2,1,2,2,3,1,2,3,1,1,2,Y
153,2,Graduate,9166,0,5,Yes,No,244,360,1,3,0,2,1,1,0,0,1,0,3,N
154,2,Not Graduate,2281,0,1,Yes,Yes,113,360,4,0,0,1,0,3,4,6,0,5,4,N
155,2,Graduate,3254,0,4,No,No,50,360,2,1,3,1,2,4,4,7,1,1,4,Y
156,4,Graduate,39999,0,5,No,No,600,180,4,5,2,5,2,5,2,0,5,2,4,Y
157,3,Graduate,6000,0,4,Yes,No,160,360,4,4,0,0,0,0,4,6,1,4,4,Y
158,2,Graduate,9538,0,2,No,Yes,187,360,5,5,5,5,1,0,3,6,4,3,4,Y
159,0,Graduate,2980,2083,4,Yes,No,120,360,3,4,3,1,5,5,2,5,5,1,4,Y
160,0,Graduate,4583,5625,3,Yes,No,255,360,3,1,0,4,0,0,4,5,1,5,5,Y
161,1,Not Graduate,1863,1041,3,Yes,No,98,360,0,1,3,3,0,0,4,4,5,0,1,Y
162,4,Graduate,7933,0,3,Yes,Yes,275,360,2,5,4,4,2,4,1,4,4,4,4,N
163,4,Graduate,3089,1280,5,Yes,Yes,121,360,2,2,4,2,0,4,1,3,5,3,2,N
164,1,Graduate,4167,1447,1,No,Yes,158,360,1,5,0,5,2,5,2,1,2,4,0,Y
165,1,Graduate,9323,0,5,Yes,Yes,75,180,5,1,4,3,4,5,5,5,3,3,2,Y
166,1,Graduate,3707,3166,2,No,No,182,,2,2,4,3,5,0,0,7,5,5,5,Y
167,2,Graduate,4583,0,2,No,No,112,360,5,4,3,3,0,2,2,4,1,3,0,N
168,0,Graduate,2439,3333,0,Yes,Yes,129,360,5,5,5,2,5,0,5,5,1,5,2,Y
169,3,Graduate,2237,0,0,Yes,Yes,63,480,5,1,4,3,5,2,5,2,1,2,2,N
170,0,Graduate,8000,0,0,No,No,200,360,3,0,5,0,2,4,0,2,5,2,1,Y
171,4,Not Graduate,1820,1769,1,No,Yes,95,360,4,2,1,4,5,3,2,4,2,4,4,Y
172,0,Graduate,51763,0,3,No,No,700,300,1,5,2,3,3,3,4,4,1,5,2,Y
173,2,Not Graduate,3522,0,0,No,Yes,81,180,4,3,2,1,0,0,4,1,1,5,2,N
174,3,Graduate,5708,5625,1,Yes,Yes,187,360,2,4,1,1,5,4,1,0,4,0,0,Y
175,2,Not Graduate,4344,736,5,No,Yes,87,360,4,0,3,4,1,5,4,4,5,0,0,N
176,4,Graduate,3497,1964,5,No,Yes,116,360,2,3,1,0,2,5,2,4,0,2,2,Y
177,0,Graduate,2045,1619,0,No,Yes,101,360,2,3,1,0,3,5,1,6,5,5,0,Y
178,2,Graduate,5516,11300,1,Yes,Yes,495,360,5,0,2,2,4,3,5,7,0,4,3,N
179,1,Graduate,3750,0,1,No,No,116,360,3,3,5,4,3,1,5,7,3,0,3,Y
180,0,Not Graduate,2333,1451,4,No,No,102,480,2,1,3,4,5,5,3,2,1,2,4,N
181,2,Graduate,6400,7250,3,Yes,Yes,180,360,0,4,0,4,1,3,3,2,5,3,2,N
182,2,Graduate,1916,5063,5,Yes,Yes,67,360,1,2,1,3,3,4,4,4,2,5,4,N
183,3,Graduate,4600,0,4,No,Yes,73,180,4,1,0,0,3,0,1,3,1,3,3,Y
184,0,Graduate,33846,0,5,Yes,Yes,260,360,1,2,5,2,5,1,2,7,4,1,0,N
185,1,Graduate,3625,0,5,Yes,Yes,108,360,2,0,3,0,4,5,4,6,2,1,0,Y
186,2,Graduate,39147,4750,4,No,No,120,360,4,5,1,2,3,5,2,2,4,2,4,Y
187,1,Graduate,2178,0,4,Yes,No,66,300,4,1,5,4,1,4,5,7,3,1,4,N
188,3,Graduate,2383,2138,3,Yes,No,58,360,5,1,0,2,1,5,2,0,4,2,0,Y
189,3,Graduate,674,5296,4,Yes,No,168,360,0,4,5,0,5,0,4,3,3,3,4,Y
190,0,Graduate,9328,0,5,No,No,188,180,1,3,0,5,0,5,3,1,4,1,1,Y
191,1,Not Graduate,4885,0,2,Yes,No,48,360,1,0,4,2,2,5,2,2,4,2,2,Y
192,1,Graduate,12000,0,3,Yes,No,164,360,3,3,3,3,1,1,3,6,0,5,1,N
193,1,Not Graduate,6033,0,1,Yes,No,160,360,1,3,1,0,0,2,1,1,5,3,1,N
194,2,Graduate,3858,0,3,No,No,76,360,2,2,5,0,1,0,1,4,2,5,1,Y
195,4,Graduate,4191,0,3,No,No,120,360,1,0,1,2,4,2,5,2,4,4,4,Y
196,2,Graduate,3125,2583,4,No,Yes,170,360,3,5,1,3,0,5,4,1,1,5,0,N
197,2,Graduate,8333,3750,0,No,Yes,187,360,0,0,2,3,4,3,4,6,5,3,3,Y
198,4,Not Graduate,1907,2365,5,No,No,120,,3,4,4,4,1,5,2,7,1,0,5,Y
199,0,Graduate,3416,2816,4,Yes,Yes,113,360,0,5,2,3,2,0,5,4,3,5,2,Y
200,0,Graduate,11000,0,0,No,Yes,83,360,4,0,1,2,0,2,1,2,1,2,4,N
201,2,Not Graduate,2600,2500,4,Yes,No,90,360,5,3,2,4,5,5,2,6,4,4,4,Y
202,3,Graduate,4923,0,0,Yes,Yes,166,360,4,1,2,4,0,5,3,2,5,0,0,Y
203,1,Not Graduate,3992,0,5,Yes,No,,180,4,3,4,4,2,5,1,2,3,0,5,N
204,4,Not Graduate,3500,1083,4,Yes,No,135,360,1,5,1,1,2,3,5,5,4,5,3,Y
205,4,Not Graduate,3917,0,1,Yes,No,124,360,4,4,1,2,1,2,4,1,3,1,4,Y
206,1,Not Graduate,4408,0,4,Yes,No,120,360,4,3,0,4,1,1,4,6,3,2,3,Y
207,3,Graduate,3244,0,2,No,Yes,80,360,5,3,4,3,5,2,5,7,5,0,4,Y
208,4,Not Graduate,3975,2531,4,No,No,55,360,0,2,5,3,5,0,0,5,0,3,5,Y
209,4,Graduate,2479,0,4,Yes,Yes,59,360,2,2,3,5,4,3,4,4,2,1,1,Y
210,0,Graduate,3418,0,4,No,No,127,360,5,0,1,4,3,0,4,1,2,2,0,N
211,4,Graduate,10000,0,0,No,No,214,360,2,1,5,0,0,3,2,2,2,5,4,N
212,2,Graduate,3430,1250,2,Yes,Yes,128,360,4,3,4,1,4,5,1,2,3,4,4,N
213,0,Graduate,7787,0,3,Yes,Yes,240,360,5,3,0,1,1,1,1,5,4,1,1,Y
214,1,Not Graduate,5703,0,4,Yes,No,130,360,0,3,5,2,0,5,4,6,4,0,4,Y
215,0,Graduate,3173,3021,1,No,No,137,360,0,0,4,2,0,4,4,3,2,0,3,Y
216,0,Not Graduate,3850,983,3,Yes,Yes,100,360,5,4,2,2,5,4,3,0,2,3,3,Y
217,4,Graduate,150,1800,4,Yes,Yes,135,360,2,5,1,2,5,3,1,2,4,0,3,N
218,2,Graduate,3727,1775,1,Yes,Yes,131,360,5,5,5,4,1,4,3,2,4,3,0,Y
219,2,Graduate,5000,0,4,Yes,Yes,72,360,1,5,0,0,0,0,3,0,2,0,4,N
220,4,Graduate,4283,2383,1,No,No,127,360,2,5,0,1,1,2,3,3,0,2,2,Y
221,4,Graduate,2221,0,5,Yes,Yes,60,360,5,0,0,0,1,1,1,6,2,4,2,N
222,3,Graduate,4009,1717,0,Yes,Yes,116,360,1,4,2,1,0,4,1,2,0,4,4,Y
223,0,Graduate,2971,2791,2,Yes,Yes,144,360,2,3,2,2,2,5,4,0,0,5,3,Y
224,2,Graduate,7578,1010,3,Yes,No,175,,4,0,1,4,2,2,4,1,5,0,2,Y
225,0,Graduate,6250,0,4,Yes,Yes,128,360,3,3,0,3,3,2,3,1,4,3,3,Y
226,0,Graduate,3250,0,1,Yes,Yes,170,360,2,5,0,2,0,2,2,4,2,2,0,N
227,1,Not Graduate,4735,0,2,Yes,Yes,138,360,1,4,5,0,0,4,2,5,3,5,4,N
228,1,Graduate,6250,1695,0,Yes,No,210,360,5,2,5,2,5,0,2,6,3,5,0,Y
229,3,Graduate,4758,0,3,Yes,Yes,158,480,3,2,4,2,2,1,4,2,1,4,0,Y
230,3,Graduate,6400,0,0,Yes,Yes,200,360,2,4,1,0,4,2,1,0,0,2,4,Y
231,3,Graduate,2491,2054,0,Yes,Yes,104,360,2,0,5,1,4,5,3,4,5,5,2,Y
232,3,Graduate,3716,0,3,No,No,42,180,3,3,3,0,2,4,5,0,1,1,2,Y
233,4,Not Graduate,3189,2598,4,No,No,120,,2,0,2,2,3,1,4,2,1,3,3,Y
234,2,Graduate,8333,0,1,Yes,Yes,280,360,4,3,0,3,4,3,1,0,5,0,0,Y
235,4,Graduate,3155,1779,1,No,Yes,140,360,0,0,5,2,2,0,4,5,2,3,0,Y
236,2,Graduate,5500,1260,3,Yes,Yes,170,360,3,0,1,0,5,5,1,6,2,5,0,Y
237,4,Graduate,5746,0,2,No,No,255,360,0,4,4,3,5,4,2,7,2,2,4,N
238,3,Graduate,3463,0,4,Yes,No,122,360,1,5,1,3,2,4,5,1,1,5,5,Y
239,2,Graduate,3812,0,2,Yes,No,112,360,3,3,5,3,2,4,1,5,3,2,5,Y
240,1,Graduate,3315,0,5,Yes,Yes,96,360,1,2,0,5,0,3,0,0,3,3,2,Y
241,2,Graduate,5819,5000,1,Yes,Yes,120,360,2,1,1,3,2,2,5,4,3,3,0,Y
242,4,Not Graduate,2510,1983,5,Yes,Yes,140,180,1,0,1,4,3,4,3,0,2,2,1,N
243,3,Graduate,2965,5701,2,No,Yes,155,60,0,2,4,2,0,2,2,4,3,0,4,Y
244,3,Graduate,6250,1300,2,Yes,Yes,108,360,3,3,0,1,1,0,3,7,4,4,3,Y
245,3,Not Graduate,3406,4417,2,No,No,123,360,3,3,0,4,0,0,0,1,4,0,5,Y
246,2,Graduate,6050,4333,3,Yes,Yes,120,180,3,4,1,0,5,2,2,0,2,1,0,N
247,2,Graduate,9703,0,2,No,Yes,112,360,4,1,3,2,2,4,4,2,3,0,4,Y
248,4,Not Graduate,6608,0,5,Yes,No,137,180,1,1,2,4,5,2,1,7,4,2,5,Y
249,2,Graduate,2882,1843,5,No,Yes,123,480,2,4,4,3,2,4,2,1,3,2,0,Y
250,2,Graduate,1809,1868,5,Yes,Yes,90,360,4,0,5,4,1,4,1,0,1,5,5,Y
251,4,Not Graduate,1668,3890,0,No,No,201,360,2,5,1,3,0,4,5,0,5,1,1,N
252,4,Graduate,3427,0,1,Yes,No,138,360,2,3,0,0,5,2,4,5,2,3,3,N
253,0,Not Graduate,2583,2167,1,Yes,Yes,104,360,2,5,0,0,5,4,5,1,2,2,2,Y
254,2,Not Graduate,2661,7101,4,No,No,279,180,0,3,5,1,2,2,3,7,4,4,4,Y
255,3,Graduate,16250,0,1,Yes,Yes,192,360,3,3,5,5,4,5,1,4,5,4,1,N
256,0,Graduate,3083,0,1,Yes,Yes,255,360,4,0,3,3,3,1,3,1,5,0,5,Y
257,0,Not Graduate,6045,0,1,Yes,Yes,115,360,5,3,1,3,0,3,4,4,1,5,3,N
258,4,Graduate,5250,0,4,No,Yes,94,360,0,2,5,0,1,1,5,0,2,5,2,N
259,0,Graduate,14683,2100,4,Yes,Yes,304,360,5,4,1,5,2,1,3,4,4,5,4,N
260,1,Not Graduate,4931,0,2,No,Yes,128,360,2,4,2,5,3,4,3,7,4,5,2,N
261,0,Graduate,6083,4250,0,No,No,330,360,2,5,1,5,1,3,1,4,4,2,1,Y
262,1,Graduate,2060,2209,1,Yes,No,134,360,0,5,0,3,1,1,3,1,1,1,5,Y
263,4,Graduate,3481,0,4,No,No,155,36,4,3,0,3,5,5,1,6,1,0,0,N
264,3,Graduate,7200,0,4,Yes,Yes,120,360,2,2,3,0,5,2,2,3,5,1,2,Y
265,0,Graduate,5166,0,1,Yes,No,128,360,3,0,2,5,1,2,4,1,4,0,4,Y
266,2,Graduate,4095,3447,3,Yes,Yes,151,360,5,1,4,2,5,3,1,7,4,1,1,Y
267,3,Graduate,4708,1387,0,Yes,Yes,150,360,0,1,4,5,4,5,2,7,1,1,3,Y
268,2,Graduate,4333,1811,3,No,No,160,360,0,2,1,5,2,5,5,2,0,0,5,Y
269,1,Graduate,3418,0,5,No,No,135,360,3,2,5,4,1,5,0,2,2,1,4,N
270,2,Graduate,2876,1560,0,Yes,Yes,90,360,1,3,1,4,5,1,4,1,1,5,0,Y
271,2,Graduate,3237,0,0,Yes,Yes,30,360,1,2,4,3,4,2,4,6,1,3,3,Y
272,1,Graduate,11146,0,4,Yes,No,136,360,1,4,5,0,2,4,0,3,3,2,4,Y
273,2,Graduate,2833,1857,4,No,No,126,360,3,0,5,5,3,4,3,3,3,0,2,Y
274,1,Graduate,2620,2223,1,No,No,150,360,2,0,5,2,1,2,0,2,3,0,1,Y
275,1,Graduate,3900,0,4,Yes,No,90,360,1,3,5,1,2,1,1,5,2,0,0,Y
276,1,Graduate,2750,1842,4,No,No,115,360,2,3,2,0,2,0,5,7,5,2,3,Y
277,1,Graduate,3993,3274,0,No,Yes,207,360,5,3,5,0,0,3,2,1,3,5,2,Y
278,1,Graduate,3103,1300,1,Yes,Yes,80,360,0,0,5,2,2,5,3,4,0,0,3,Y
279,2,Graduate,14583,0,4,No,Yes,436,360,4,3,2,3,3,1,4,6,1,2,2,Y
280,0,Not Graduate,4100,0,5,Yes,No,124,360,5,4,5,2,3,3,2,1,4,1,5,Y
281,2,Not Graduate,4053,2426,5,Yes,Yes,158,360,5,0,5,1,5,0,0,3,3,3,0,N
282,3,Graduate,3927,800,0,No,Yes,112,360,3,3,4,4,0,0,2,5,4,5,1,Y
283,4,Graduate,2301,985.7999878,4,Yes,No,78,180,3,2,3,2,3,4,1,7,3,0,2,Y
284,0,Graduate,1811,1666,1,Yes,Yes,54,360,1,4,3,4,5,2,3,2,2,4,1,Y
285,2,Graduate,20667,0,4,Yes,No,,360,4,0,5,1,3,4,5,3,3,4,5,N
286,1,Graduate,3158,3053,2,Yes,Yes,89,360,2,0,5,2,0,3,1,3,0,3,0,Y
287,2,Graduate,2600,1717,0,No,No,99,300,3,2,3,0,0,2,0,7,5,4,2,N
288,0,Graduate,3704,2000,5,Yes,No,120,360,2,5,1,4,1,5,4,5,4,0,5,Y
289,2,Graduate,4124,0,4,No,No,115,360,0,2,4,4,1,3,4,4,3,3,2,Y
290,4,Graduate,9508,0,5,No,No,187,360,0,0,3,2,3,5,2,3,1,5,3,Y
291,1,Graduate,3075,2416,1,Yes,Yes,139,360,5,5,3,2,3,0,3,4,0,1,1,Y
292,2,Graduate,4400,0,3,Yes,No,127,360,2,2,3,2,4,1,2,4,4,1,1,N
293,0,Graduate,3153,1560,3,No,No,134,360,3,1,0,0,0,4,1,6,3,2,0,Y
294,4,Graduate,5417,0,2,Yes,No,143,480,3,2,4,2,3,3,3,1,1,0,2,N
295,4,Graduate,2383,3334,0,No,No,172,360,1,4,5,0,4,0,2,3,0,3,2,Y
296,4,Graduate,4416,1250,2,No,Yes,110,360,4,1,3,0,3,1,1,1,4,5,1,Y
297,2,Graduate,6875,0,5,No,Yes,200,360,1,4,1,4,4,4,2,6,1,3,2,Y
298,1,Graduate,4666,0,1,Yes,Yes,135,360,1,5,5,3,5,5,3,3,2,2,2,Y
299,1,Graduate,5000,2541,1,No,Yes,151,480,0,0,2,1,3,5,5,5,5,1,3,N
300,1,Graduate,2014,2925,3,No,No,113,360,0,0,1,3,3,5,0,7,3,0,0,N
301,3,Not Graduate,1800,2934,1,Yes,Yes,93,360,4,1,2,1,4,3,2,0,2,0,2,N
302,2,Not Graduate,2875,1750,5,No,Yes,105,360,2,3,5,5,4,2,2,6,3,0,4,Y
303,2,Graduate,5000,0,5,Yes,Yes,132,360,3,3,3,1,2,2,1,5,3,5,1,Y
304,0,Graduate,1625,1803,0,No,No,96,360,4,5,4,2,5,5,0,1,4,1,1,Y
305,2,Graduate,4000,2500,2,No,No,140,360,2,1,5,3,5,2,4,1,0,2,4,Y
306,3,Not Graduate,2000,0,1,No,Yes,,360,1,1,2,3,1,1,0,4,5,0,0,N
307,4,Graduate,3762,1666,4,Yes,Yes,135,360,4,1,0,0,2,4,2,4,0,0,5,Y
308,3,Graduate,2400,1863,1,No,Yes,104,360,3,0,4,5,5,3,1,3,2,0,2,N
309,4,Graduate,20233,0,4,No,Yes,480,360,2,5,4,2,1,1,1,5,1,2,1,N
310,4,Not Graduate,7667,0,2,No,No,185,360,4,3,5,2,3,4,2,0,0,3,0,Y
311,1,Graduate,2917,0,4,No,Yes,84,360,4,4,2,5,5,3,5,7,4,3,0,Y
312,4,Not Graduate,2927,2405,0,Yes,Yes,111,360,4,4,4,0,2,5,2,2,2,0,5,Y
313,4,Graduate,2507,0,3,Yes,No,56,360,3,5,0,4,0,2,5,4,5,0,0,Y
314,0,Graduate,5746,0,0,Yes,No,144,84,5,1,2,1,4,5,3,7,2,5,5,Y
315,1,Graduate,2473,1843,4,Yes,Yes,159,360,5,2,0,1,5,1,5,7,2,4,5,N
316,2,Not Graduate,3399,1640,2,No,Yes,111,180,1,1,4,0,1,3,3,5,1,4,2,Y
317,0,Graduate,3717,0,3,Yes,Yes,120,360,2,1,3,5,1,5,2,2,1,0,5,Y
318,2,Graduate,2058,2134,0,Yes,No,88,360,0,3,2,1,2,5,0,1,2,2,5,Y
319,1,Graduate,3541,0,3,Yes,No,112,360,4,4,0,3,3,3,2,5,0,5,0,Y
320,0,Graduate,10000,0,5,Yes,Yes,155,360,1,1,2,4,3,2,2,7,4,2,5,N
321,2,Graduate,2400,2167,1,No,No,115,360,3,5,5,5,3,5,5,2,2,3,1,Y
322,1,Graduate,4342,189,5,No,No,124,360,1,1,3,3,2,1,1,5,1,2,3,Y
323,3,Not Graduate,3601,1590,1,Yes,Yes,,360,5,3,2,0,0,3,3,0,4,3,1,Y
324,4,Graduate,3166,2985,0,Yes,Yes,132,360,0,3,5,3,3,3,0,1,5,3,1,Y
325,4,Graduate,15000,0,2,No,No,300,360,4,3,5,4,5,0,5,0,2,1,1,Y
326,4,Graduate,8666,4983,4,Yes,Yes,376,360,0,0,3,3,5,5,0,0,3,4,0,N
327,2,Graduate,4917,0,3,No,No,130,360,4,0,2,5,5,4,2,4,3,2,2,Y
328,0,Graduate,5818,2160,1,No,Yes,184,360,2,4,3,0,1,1,3,0,0,5,4,Y
329,3,Graduate,4333,2451,2,Yes,No,110,360,0,5,3,2,4,1,2,4,5,5,3,N
330,1,Graduate,2500,0,4,No,No,67,360,3,2,5,1,2,2,2,1,2,2,1,Y
331,1,Graduate,4384,1793,4,No,No,117,360,2,1,1,4,4,2,3,0,4,0,1,Y
332,0,Graduate,2935,0,1,No,Yes,98,360,3,5,5,5,3,0,0,6,3,1,3,Y
333,2,Graduate,2833,0,5,No,Yes,71,360,2,0,2,3,5,4,0,3,3,1,0,Y
334,0,Graduate,63337,0,4,No,Yes,490,180,1,0,4,1,4,3,2,2,4,3,3,Y
335,0,Graduate,9833,1833,2,No,No,182,180,3,4,0,4,0,4,0,4,1,4,3,Y
336,4,Graduate,5503,4490,4,No,No,70,,3,0,5,0,3,4,0,3,4,5,5,Y
337,0,Graduate,5250,688,3,No,No,160,360,1,1,5,3,2,2,1,2,5,2,3,Y
338,3,Graduate,2500,4600,4,Yes,No,176,360,3,2,1,2,1,2,1,0,0,0,1,Y
339,1,Not Graduate,1830,0,1,Yes,No,,360,0,1,1,1,4,0,1,5,5,0,2,N
340,4,Graduate,4160,0,0,Yes,No,71,360,2,2,5,4,2,4,1,0,3,3,3,Y
341,1,Not Graduate,2647,1587,3,Yes,No,173,360,3,4,0,5,3,5,0,0,0,3,3,N
342,4,Graduate,2378,0,3,Yes,No,46,360,3,0,3,4,4,0,0,0,0,5,3,N
343,3,Not Graduate,4554,1229,0,Yes,No,158,360,0,1,1,3,5,5,4,4,2,4,1,Y
344,3,Not Graduate,3173,0,1,Yes,No,74,360,5,0,0,3,1,0,0,5,5,1,0,Y
345,0,Graduate,2583,2330,2,Yes,Yes,125,360,5,3,2,1,3,2,0,1,2,3,1,Y
346,1,Graduate,2499,2458,5,No,Yes,160,360,5,3,0,1,3,5,5,7,4,5,1,Y
347,0,Not Graduate,3523,3230,3,No,Yes,152,360,0,1,0,3,2,4,0,4,0,4,0,N
348,0,Not Graduate,3083,2168,2,No,No,126,360,5,0,4,3,4,4,3,7,5,2,3,Y
349,1,Graduate,6333,4583,4,No,No,259,360,3,4,5,3,5,2,0,3,1,0,4,Y
350,4,Graduate,2625,6250,1,No,No,187,360,2,1,0,4,0,1,2,1,3,5,1,Y
351,4,Graduate,9083,0,1,No,Yes,228,360,5,2,2,0,1,4,4,2,5,1,4,Y
352,1,Graduate,8750,4167,3,No,No,308,360,3,0,1,1,5,0,5,2,0,1,5,N
353,0,Graduate,2666,2083,1,No,Yes,95,360,4,2,1,0,0,3,0,5,3,4,4,Y
354,2,Graduate,5500,0,4,Yes,Yes,105,360,0,0,0,1,2,4,4,7,4,1,0,N
355,3,Graduate,2423,505,5,No,Yes,130,360,5,2,0,3,2,0,2,3,0,1,4,Y
356,2,Graduate,3813,0,3,No,No,116,180,3,5,2,5,0,1,5,2,4,4,5,Y
357,2,Graduate,8333,3167,5,No,No,165,360,2,2,2,1,3,4,5,0,5,2,5,Y
358,2,Graduate,3875,0,5,No,No,67,360,1,0,5,4,0,0,0,1,5,5,2,N
359,1,Not Graduate,3000,1666,0,Yes,No,100,480,2,0,3,3,3,5,1,1,1,3,4,N
360,3,Graduate,5167,3167,3,Yes,No,200,360,5,0,0,1,4,5,1,6,5,5,5,Y
361,2,Graduate,4723,0,5,Yes,No,81,360,5,1,0,1,5,4,5,7,4,3,4,N
362,2,Graduate,5000,3667,1,Yes,No,236,360,3,4,1,2,5,0,1,3,1,5,3,Y
363,4,Graduate,4750,2333,1,Yes,Yes,130,360,3,3,3,4,5,5,0,3,4,3,1,Y
364,0,Graduate,3013,3033,5,Yes,Yes,95,300,1,1,5,3,5,3,0,6,2,4,4,Y
365,4,Graduate,6822,0,4,Yes,Yes,141,360,1,0,1,3,2,3,1,1,3,4,0,Y
366,3,Not Graduate,6216,0,5,No,No,133,360,1,4,4,2,2,4,4,1,2,2,4,N
367,2,Graduate,2500,0,5,No,Yes,96,480,3,0,5,0,5,2,5,6,0,5,5,N
368,4,Graduate,5124,0,4,No,Yes,124,,2,2,2,1,0,3,2,5,0,5,0,N
369,1,Graduate,6325,0,2,No,Yes,175,360,3,1,5,3,5,0,5,4,0,2,1,Y
370,4,Graduate,19730,5266,0,Yes,Yes,570,360,2,4,2,5,3,1,0,3,2,1,3,N
371,2,Graduate,15759,0,5,Yes,Yes,55,360,1,2,0,1,2,2,0,3,5,3,2,Y
372,1,Graduate,5185,0,1,No,No,155,360,5,1,2,4,0,4,5,6,1,3,5,Y
373,0,Graduate,9323,7873,2,No,No,380,300,5,5,5,5,5,3,0,4,4,1,5,Y
374,0,Graduate,3062,1987,0,No,No,111,180,2,2,3,2,3,3,4,1,3,4,5,N
375,2,Graduate,2764,1459,3,No,Yes,110,360,5,1,5,4,2,3,4,7,5,5,0,Y
376,2,Graduate,4817,923,5,No,Yes,120,180,3,5,1,5,1,1,4,6,2,1,1,Y
377,3,Graduate,8750,4996,5,Yes,No,130,360,4,0,0,2,1,0,5,3,3,0,0,Y
378,4,Graduate,4310,0,0,Yes,Yes,130,360,5,1,3,4,3,5,3,6,1,4,5,Y
379,4,Graduate,3069,0,4,No,Yes,71,480,4,0,5,0,3,5,4,3,3,4,0,N
380,2,Graduate,5391,0,3,No,Yes,130,360,3,3,2,5,5,1,4,7,3,5,3,Y
381,0,Graduate,3333,2500,4,Yes,No,128,360,2,1,1,4,3,0,2,6,1,3,3,Y
382,1,Graduate,5941,4232,0,Yes,No,296,360,3,1,2,5,0,5,4,0,1,2,4,Y
383,3,Graduate,6000,0,0,No,Yes,156,360,0,1,1,4,5,2,5,2,0,0,2,Y
384,1,Graduate,7167,0,5,No,No,128,360,0,1,4,1,2,1,1,2,2,5,3,Y
385,1,Graduate,4566,0,3,Yes,Yes,100,360,5,3,0,3,0,3,3,4,4,0,3,N
386,1,Graduate,3667,0,0,Yes,Yes,113,180,3,3,5,4,5,2,4,0,3,2,3,Y
387,0,Not Graduate,2346,1600,3,No,Yes,132,360,3,0,5,0,1,5,1,2,4,5,2,Y
388,1,Not Graduate,3010,3136,1,No,Yes,,360,2,3,5,2,2,5,2,0,0,0,3,N
389,2,Graduate,2333,2417,0,No,Yes,136,360,2,5,5,1,3,3,0,0,1,0,0,Y
390,1,Graduate,5488,0,0,Yes,No,125,360,3,0,4,3,3,2,2,6,1,0,2,Y
391,1,Graduate,9167,0,0,No,Yes,185,360,4,2,5,5,0,0,4,5,4,0,0,Y
392,3,Graduate,9504,0,3,Yes,Yes,275,360,1,4,0,0,3,5,2,5,4,0,3,Y
393,2,Graduate,2583,2115,1,Yes,No,120,360,5,1,1,3,3,0,0,6,1,3,3,Y
394,1,Not Graduate,1993,1625,3,Yes,Yes,113,180,0,0,1,0,3,5,1,5,5,0,0,Y
395,0,Graduate,3100,1400,3,No,Yes,113,360,5,0,3,2,5,5,1,4,3,5,2,Y
396,1,Graduate,3276,484,0,No,No,135,360,1,3,0,4,3,1,4,6,3,0,1,Y
397,1,Graduate,3180,0,1,No,Yes,71,360,2,0,5,2,4,3,2,4,0,3,3,N
398,1,Graduate,3033,1459,1,No,No,95,360,4,0,3,1,3,4,4,0,5,3,2,Y
399,3,Not Graduate,3902,1666,4,Yes,No,109,360,1,3,5,0,1,0,4,1,0,3,3,Y
400,1,Graduate,1500,1800,0,No,Yes,103,360,0,3,5,3,3,4,4,7,1,2,1,N
401,4,Not Graduate,2889,0,0,Yes,Yes,45,180,0,2,0,3,2,0,3,7,3,0,1,N
402,3,Not Graduate,2755,0,3,No,No,65,300,4,2,4,1,2,0,1,1,1,0,1,N
403,4,Graduate,2500,20000,1,Yes,Yes,103,360,3,3,5,0,5,5,5,7,5,1,0,Y
404,0,Not Graduate,1963,0,5,No,Yes,53,360,3,2,2,5,0,3,2,6,1,2,4,Y
405,1,Graduate,7441,0,3,No,No,194,360,2,2,3,2,2,1,0,4,4,0,1,N
406,3,Graduate,4547,0,3,Yes,No,115,360,2,3,4,4,0,1,3,2,2,0,4,Y
407,4,Not Graduate,2167,2400,0,Yes,No,115,360,0,2,2,4,5,2,4,1,3,4,4,Y
408,4,Not Graduate,2213,0,4,No,No,66,360,2,5,3,0,1,0,2,7,2,2,5,Y
409,2,Graduate,8300,0,4,No,No,152,300,1,2,2,4,3,2,3,0,3,1,5,N
410,2,Graduate,81000,0,3,Yes,Yes,360,360,1,3,3,3,3,2,2,3,5,0,2,N
411,2,Not Graduate,3867,0,1,No,No,62,360,2,2,4,3,2,4,4,4,0,0,0,N
412,0,Graduate,6256,0,2,Yes,No,160,360,1,0,0,2,5,5,3,0,3,5,1,Y
413,1,Not Graduate,6096,0,1,No,No,218,360,5,4,4,4,3,0,2,5,1,1,5,N
414,4,Not Graduate,2253,2033,4,No,No,110,360,0,1,1,2,1,5,4,2,3,2,5,Y
415,1,Not Graduate,2149,3237,3,No,No,178,360,3,2,4,3,4,5,1,0,1,4,5,N
416,2,Graduate,2995,0,1,No,No,60,360,3,5,2,5,4,4,4,3,0,3,0,Y
417,2,Graduate,2600,0,5,No,Yes,160,360,2,2,2,5,2,1,4,4,0,1,1,N
418,3,Graduate,1600,20000,2,No,Yes,239,360,3,2,0,3,5,2,3,2,3,3,1,N
419,0,Graduate,1025,2773,4,No,No,112,360,3,5,4,5,1,4,1,6,1,5,5,Y
420,4,Graduate,3246,1417,1,No,No,138,360,4,5,2,3,1,1,5,1,5,3,0,Y
421,3,Graduate,5829,0,4,No,No,138,360,2,1,5,3,3,5,5,7,3,1,0,Y
422,4,Not Graduate,2720,0,0,No,Yes,80,,1,5,0,0,1,2,1,6,4,3,5,N
423,2,Graduate,1820,1719,2,Yes,No,100,360,4,3,0,2,0,1,4,6,4,2,2,Y
424,4,Graduate,7250,1667,4,No,Yes,110,,3,3,3,1,0,5,1,5,2,0,5,N
425,2,Graduate,14880,0,0,Yes,Yes,96,360,4,0,5,1,4,2,3,5,2,5,0,Y
426,2,Graduate,2666,4300,3,Yes,No,121,360,1,4,3,4,1,5,5,0,4,2,4,Y
427,4,Not Graduate,4606,0,0,Yes,Yes,81,360,2,2,3,1,4,2,1,7,0,2,0,N
428,4,Graduate,5935,0,4,No,No,133,360,2,2,5,3,3,4,3,4,3,1,0,Y
429,4,Graduate,2920,16.12000084,5,Yes,No,87,360,0,5,1,3,0,3,4,4,5,1,4,Y
430,4,Not Graduate,2717,0,4,No,Yes,60,180,4,5,2,2,1,2,0,6,3,4,3,Y
431,0,Graduate,8624,0,2,No,No,150,360,1,3,4,0,0,5,1,3,1,2,1,Y
432,0,Graduate,6500,0,5,No,No,105,360,3,4,3,5,0,2,0,6,1,5,1,N
433,3,Graduate,12876,0,0,Yes,Yes,405,360,2,0,4,4,5,5,4,7,2,0,4,Y
434,0,Graduate,2425,2340,4,No,No,143,360,3,4,1,1,5,0,0,7,0,2,0,Y
435,0,Graduate,3750,0,0,No,No,100,360,2,4,3,4,2,3,2,0,5,5,4,Y
436,3,Graduate,10047,0,0,Yes,Yes,,240,0,0,1,5,5,2,3,7,3,5,2,Y
437,3,Graduate,1926,1851,1,Yes,No,50,360,4,2,3,0,4,0,0,0,3,1,4,Y
438,2,Graduate,2213,1125,2,No,Yes,,360,5,3,5,1,5,4,4,2,4,2,2,Y
439,0,Graduate,10416,0,4,No,No,187,360,0,3,4,2,0,2,0,5,4,5,3,N
440,2,Not Graduate,7142,0,3,No,No,138,360,3,0,5,3,0,0,3,4,3,0,3,Y
441,0,Graduate,3660,5064,5,Yes,No,187,360,3,3,3,1,3,4,1,0,1,5,5,Y
442,2,Graduate,7901,1833,1,Yes,Yes,180,360,5,2,5,2,0,4,2,4,0,1,0,Y
443,3,Not Graduate,4707,1993,2,Yes,Yes,148,360,2,1,1,4,4,4,5,0,5,2,4,Y
444,0,Graduate,37719,0,1,No,No,152,360,0,3,1,5,4,0,5,4,1,3,0,Y
445,3,Graduate,7333,8333,5,No,No,175,300,2,5,1,2,4,2,3,5,3,2,1,Y
446,3,Graduate,3466,1210,3,No,Yes,130,360,4,0,1,5,0,4,4,6,0,0,0,Y
447,4,Not Graduate,4652,0,4,No,No,110,360,3,2,5,3,0,4,5,6,2,3,3,Y
448,2,Graduate,3539,1376,1,Yes,No,55,360,3,1,4,4,0,5,3,2,4,4,0,N
449,0,Graduate,3340,1710,3,Yes,No,150,360,4,3,4,4,1,1,0,5,0,5,5,N
450,3,Not Graduate,2769,1542,3,Yes,Yes,190,360,2,2,5,1,4,3,2,6,3,0,0,N
451,0,Not Graduate,2309,1255,1,No,No,125,360,3,5,4,2,0,3,3,0,2,2,4,N
452,2,Not Graduate,1958,1456,0,No,No,60,300,0,0,3,5,1,1,2,3,5,2,3,Y
453,2,Graduate,3948,1733,5,Yes,No,149,360,4,4,4,2,3,3,5,5,2,3,0,N
454,3,Graduate,2483,2466,2,Yes,No,90,180,5,1,3,5,5,5,3,6,0,4,4,Y
455,1,Graduate,7085,0,4,Yes,No,84,360,2,2,2,0,1,4,3,0,2,5,2,Y
456,1,Graduate,3859,0,3,No,Yes,96,360,4,4,4,0,0,5,4,0,3,2,0,Y
457,3,Graduate,4301,0,2,Yes,No,118,360,3,5,3,1,0,5,1,6,2,5,3,Y
458,1,Graduate,3708,2569,1,Yes,Yes,173,360,4,4,5,4,5,4,0,1,2,4,0,N
459,1,Graduate,4354,0,2,No,Yes,136,360,4,4,4,4,1,5,0,0,5,4,0,Y
460,2,Graduate,8334,0,2,Yes,No,160,360,4,0,3,2,3,3,0,4,4,1,5,N
461,0,Graduate,2083,4083,3,No,Yes,160,360,3,5,3,4,1,5,1,2,4,1,2,Y
462,3,Graduate,7740,0,2,Yes,Yes,128,180,0,4,1,0,4,3,2,7,0,3,4,Y
463,3,Graduate,3015,2188,5,No,Yes,153,360,3,1,4,0,4,2,3,1,2,4,3,Y
464,1,Not Graduate,5191,0,4,Yes,No,132,360,0,1,3,3,2,2,5,0,4,5,2,Y
465,3,Graduate,4166,0,5,Yes,No,98,360,4,1,0,1,4,1,4,1,2,4,5,N
466,2,Graduate,6000,0,0,No,No,140,360,3,1,2,1,5,0,5,1,3,5,3,Y
467,0,Not Graduate,2947,1664,1,Yes,Yes,70,180,0,2,1,5,2,2,1,4,2,3,5,N
468,0,Graduate,16692,0,5,Yes,No,110,360,4,2,2,5,4,4,4,4,2,3,0,Y
469,3,Not Graduate,210,2917,4,Yes,No,98,360,3,4,2,0,4,4,1,7,2,4,2,Y
470,1,Graduate,4333,2451,1,Yes,No,110,360,1,2,2,1,5,5,0,6,4,3,1,N
471,4,Graduate,3450,2079,3,Yes,Yes,162,360,1,0,0,3,3,2,5,4,2,1,1,Y
472,2,Not Graduate,2653,1500,5,Yes,No,113,180,4,2,2,2,5,2,2,5,3,1,3,N
473,0,Graduate,4691,0,2,Yes,Yes,100,360,1,0,1,3,0,2,3,1,1,5,1,Y
474,0,Graduate,2500,0,4,No,No,93,360,3,2,2,2,2,3,5,3,2,3,0,Y
475,4,Graduate,5532,4648,5,No,Yes,162,360,0,2,4,3,1,5,2,6,1,2,0,Y
476,3,Graduate,16525,1014,2,Yes,No,150,360,4,4,0,3,4,2,1,4,2,1,0,Y
477,1,Graduate,6700,1750,0,No,No,230,300,3,3,2,3,2,3,2,3,2,1,2,Y
478,0,Graduate,2873,1872,3,No,Yes,132,360,1,5,4,4,0,0,0,6,3,0,5,N
479,0,Graduate,16667,2250,3,No,No,86,360,4,1,2,5,0,3,0,0,5,5,4,Y
480,3,Graduate,2947,1603,5,No,No,,360,5,2,3,5,0,1,2,1,5,5,3,N
481,1,Not Graduate,4350,0,5,No,No,154,360,3,5,5,5,2,3,4,1,5,4,3,Y
482,4,Not Graduate,3095,0,4,Yes,No,113,360,5,0,4,3,3,5,5,7,1,4,5,Y
483,2,Graduate,2083,3150,4,Yes,No,128,360,3,2,3,0,1,4,5,4,1,4,3,Y
484,4,Graduate,10833,0,3,Yes,Yes,234,360,3,2,4,4,2,4,5,1,4,4,0,Y
485,1,Graduate,8333,0,2,No,No,246,360,4,0,5,4,5,2,0,7,5,5,1,Y
486,0,Not Graduate,1958,2436,4,No,No,131,360,5,2,2,2,2,0,2,6,4,5,0,Y
487,2,Graduate,3547,0,3,Yes,No,80,360,1,0,4,2,5,0,5,2,2,1,3,N
488,4,Graduate,18333,0,1,Yes,Yes,500,360,4,0,4,1,3,5,3,4,1,3,0,N
489,4,Graduate,4583,2083,2,Yes,Yes,160,360,0,0,0,2,4,3,5,1,3,0,0,Y
490,3,Graduate,2435,0,2,No,Yes,75,360,1,1,0,3,4,3,4,3,2,5,5,N
491,3,Not Graduate,2699,2785,5,No,No,96,360,0,4,5,5,4,1,0,7,2,5,0,Y
492,1,Not Graduate,5333,1131,3,No,No,186,360,5,3,5,3,3,2,5,5,2,0,0,Y
493,4,Not Graduate,3691,0,1,No,Yes,110,360,2,2,4,4,2,1,3,2,1,5,0,Y
494,1,Not Graduate,17263,0,1,No,Yes,225,360,3,4,1,1,3,5,2,7,2,4,4,Y
495,0,Graduate,3597,2157,5,No,No,119,360,2,1,0,4,0,3,1,6,4,5,3,N
496,3,Graduate,3326,913,0,Yes,No,105,84,3,0,4,3,4,2,2,3,1,5,3,Y
497,2,Not Graduate,2600,1700,2,Yes,No,107,360,3,2,2,0,2,0,1,2,3,4,5,Y
498,3,Graduate,4625,2857,5,No,Yes,111,12,0,4,1,1,5,0,3,7,0,3,2,Y
499,0,Graduate,2895,0,0,Yes,Yes,95,360,3,5,2,2,1,1,4,3,5,2,4,Y
500,3,Graduate,6283,4416,3,Yes,Yes,209,360,0,2,1,5,3,0,4,4,2,0,2,N
501,0,Graduate,645,3683,4,No,Yes,113,480,3,5,0,3,0,4,1,6,5,0,4,Y
502,4,Graduate,3159,0,3,Yes,No,100,360,0,2,5,2,2,0,5,1,4,1,1,Y
503,3,Graduate,4865,5624,2,No,Yes,208,360,0,4,4,4,1,3,2,6,5,3,3,Y
504,1,Not Graduate,4050,5302,5,Yes,No,138,360,4,3,4,2,4,2,5,6,5,3,5,N
505,0,Not Graduate,3814,1483,2,Yes,No,124,300,2,5,4,5,1,3,3,2,3,2,1,Y
506,0,Graduate,3510,4416,1,No,Yes,243,360,2,2,4,4,5,2,3,7,2,3,0,Y
507,2,Graduate,20833,6667,0,Yes,Yes,480,360,1,0,3,3,4,0,4,5,2,3,0,Y
508,3,Graduate,3583,0,4,No,No,96,360,1,2,1,2,0,4,3,3,3,4,3,N
509,1,Graduate,2479,3013,4,No,Yes,188,360,2,4,0,4,0,0,3,2,1,0,4,Y
510,4,Graduate,13262,0,2,No,Yes,40,360,3,4,5,3,2,1,2,0,3,2,4,Y
511,2,Not Graduate,3598,1287,3,No,Yes,100,360,4,2,1,3,4,0,3,5,4,0,4,N
512,0,Graduate,6065,2004,3,No,Yes,250,360,3,4,2,5,2,1,1,0,2,2,2,Y
513,2,Graduate,3283,2035,0,No,Yes,148,360,2,3,3,3,0,3,2,2,1,1,1,Y
514,0,Graduate,2130,6666,4,No,Yes,70,180,1,1,2,2,4,0,5,3,4,0,4,N
515,3,Graduate,5815,3666,1,Yes,No,311,360,0,1,0,4,0,0,0,2,3,0,1,N
516,3,Graduate,3466,3428,5,Yes,No,150,360,4,3,1,5,1,3,0,4,3,3,2,Y
517,1,Graduate,2031,1632,1,Yes,Yes,113,480,4,4,0,4,2,5,0,3,1,1,1,Y
518,1,Not Graduate,3074,1800,1,No,No,123,360,2,5,5,2,4,4,2,7,2,0,5,N
519,3,Graduate,4683,1915,4,Yes,Yes,185,360,0,2,5,2,3,2,1,5,5,1,2,N
520,0,Not Graduate,3400,0,4,No,Yes,95,360,3,5,4,5,3,1,2,4,3,1,3,N
521,4,Not Graduate,2192,1742,4,Yes,No,45,360,3,3,2,1,5,4,0,1,1,0,0,Y
522,4,Graduate,2500,0,2,Yes,No,55,360,0,3,3,0,4,2,4,6,5,2,0,Y
523,1,Graduate,5677,1424,4,No,No,100,360,0,0,2,3,5,5,1,5,3,5,5,Y
524,0,Graduate,7948,7166,3,Yes,No,480,360,1,1,0,0,4,5,4,3,4,5,4,Y
525,3,Graduate,4680,2087,4,Yes,Yes,,360,3,3,5,0,4,4,5,7,1,3,1,N
526,4,Graduate,17500,0,4,Yes,No,400,360,0,0,5,2,1,4,1,6,0,5,4,Y
527,1,Graduate,3775,0,2,No,No,110,360,3,1,1,2,3,1,2,0,1,5,1,Y
528,3,Not Graduate,5285,1430,2,Yes,Yes,161,360,3,3,4,0,4,2,1,0,2,0,4,Y
529,3,Not Graduate,2679,1302,4,Yes,No,94,360,2,5,2,5,5,1,2,5,3,3,0,Y
530,2,Not Graduate,6783,0,3,No,No,130,360,4,2,4,5,2,4,2,5,1,1,0,Y
531,1,Graduate,1025,5500,2,No,Yes,216,360,0,3,1,3,0,5,2,2,2,5,0,Y
532,2,Graduate,4281,0,0,Yes,No,100,360,5,2,1,5,3,4,3,7,2,2,5,Y
533,1,Graduate,3588,0,4,No,Yes,110,360,2,0,3,2,3,5,1,7,3,2,5,N
534,2,Graduate,11250,0,4,Yes,Yes,196,360,3,3,4,2,1,4,2,7,1,0,1,N
535,4,Not Graduate,18165,0,1,Yes,Yes,125,360,1,5,3,5,2,1,0,5,4,2,3,Y
536,4,Not Graduate,2550,2042,0,Yes,Yes,126,360,5,2,3,3,2,2,4,0,5,3,3,Y
537,4,Graduate,6133,3906,4,No,No,324,360,3,1,2,3,5,0,3,3,3,1,5,Y
538,2,Graduate,3617,0,4,Yes,Yes,107,360,5,4,4,3,0,0,1,4,3,4,3,Y
539,0,Not Graduate,2917,536,2,No,No,66,360,1,3,0,5,2,4,1,7,2,2,2,N
540,3,Graduate,6417,0,3,No,No,157,180,0,3,4,3,5,0,4,2,4,0,2,Y
541,1,Graduate,4608,2845,2,Yes,No,140,180,1,2,5,3,3,0,0,7,4,5,4,Y
542,1,Graduate,2138,0,1,No,Yes,99,360,5,4,1,5,1,4,2,5,4,2,1,N
543,0,Graduate,3652,0,3,Yes,No,95,360,5,4,1,3,5,5,5,1,1,4,2,Y
544,0,Not Graduate,2239,2524,0,Yes,No,128,360,2,0,0,3,3,5,3,6,3,3,3,Y
545,1,Not Graduate,3017,663,2,Yes,No,102,360,1,4,1,0,4,3,5,6,1,2,0,Y
546,3,Graduate,2768,1950,0,No,No,155,360,5,2,5,1,2,3,2,0,2,4,2,Y
547,2,Not Graduate,3358,0,2,Yes,Yes,80,36,5,3,3,1,2,2,2,2,1,3,0,N
548,2,Graduate,2526,1783,0,Yes,No,145,360,5,4,4,2,0,0,2,3,4,2,1,Y
549,0,Graduate,5000,0,4,Yes,No,103,360,5,3,1,5,2,2,5,0,4,1,0,N
550,0,Graduate,2785,2016,0,No,Yes,110,360,2,3,1,5,0,2,1,3,0,4,3,Y
551,0,Graduate,6633,0,2,No,Yes,,360,2,0,1,2,0,2,2,3,4,1,5,N
552,2,Not Graduate,2492,2375,1,Yes,Yes,,360,2,0,5,2,0,3,5,2,4,3,1,Y
553,4,Graduate,3333,3250,2,Yes,Yes,158,360,5,1,3,4,4,1,5,4,3,2,4,Y
554,3,Not Graduate,2454,2333,5,No,Yes,181,360,4,5,3,5,2,3,2,6,4,5,1,N
555,3,Graduate,3593,4266,2,No,No,132,180,1,2,1,4,1,0,2,0,3,4,2,N
556,1,Graduate,5468,1032,1,No,No,26,360,1,3,5,1,3,2,3,1,1,4,1,Y
557,3,Graduate,2667,1625,4,No,Yes,84,360,0,3,5,0,1,1,4,0,0,1,3,Y
558,1,Graduate,10139,0,1,No,Yes,260,360,0,2,5,0,0,5,5,5,4,3,4,Y
559,1,Graduate,3887,2669,0,Yes,No,162,360,3,4,3,4,0,4,3,4,2,2,0,Y
560,1,Graduate,4180,2306,0,No,No,182,360,5,2,1,5,1,3,4,1,5,1,1,Y
561,0,Not Graduate,3675,242,0,Yes,Yes,108,360,2,1,5,0,2,5,0,7,3,5,3,Y
562,3,Graduate,19484,0,2,Yes,No,600,360,3,3,0,5,2,3,3,0,0,0,5,Y
563,2,Graduate,5923,2054,3,Yes,Yes,211,360,2,2,3,0,5,4,5,7,5,1,1,Y
564,0,Not Graduate,5800,0,4,No,No,132,360,3,5,5,5,3,1,5,4,3,4,3,Y
565,1,Graduate,8799,0,0,Yes,Yes,258,360,0,5,2,0,5,1,3,2,3,5,2,N
566,4,Not Graduate,4467,0,5,Yes,No,120,360,5,0,0,5,0,3,2,1,4,4,0,Y
567,3,Graduate,3333,0,4,Yes,No,70,360,0,2,3,0,4,3,4,5,1,3,4,Y
568,1,Graduate,3400,2500,1,No,No,123,360,1,3,1,4,1,0,4,4,3,2,0,N
569,1,Graduate,2378,0,1,No,No,9,360,3,3,5,3,2,5,5,4,3,1,5,N
570,0,Graduate,3166,2064,3,No,Yes,104,360,4,1,4,4,4,0,3,0,5,4,4,N
571,3,Graduate,3417,1750,1,Yes,No,186,360,2,4,1,3,5,4,5,7,3,2,2,Y
572,4,Graduate,5116,1451,5,Yes,Yes,165,360,2,0,2,0,1,4,4,5,5,3,2,N
573,1,Graduate,16666,0,3,Yes,No,275,360,2,4,1,0,1,2,2,1,5,3,4,Y
574,4,Not Graduate,6125,1625,0,No,Yes,187,480,0,2,0,4,0,5,2,0,3,0,1,N
575,1,Graduate,6406,0,1,No,Yes,150,360,4,2,5,3,1,5,1,4,0,0,2,N
576,3,Graduate,3159,461,3,Yes,No,108,84,3,5,4,5,1,2,0,4,0,1,4,Y
577,3,Graduate,3087,2210,4,No,Yes,136,360,3,1,1,1,5,4,0,1,1,0,0,N
578,4,Graduate,3229,2739,0,Yes,No,110,360,0,4,2,3,5,0,5,7,2,2,3,Y
579,3,Graduate,1782,2232,1,No,No,107,360,3,3,0,5,3,4,1,5,3,3,5,Y
580,3,Graduate,3182,2917,4,Yes,Yes,161,360,4,5,2,3,5,1,4,4,5,3,3,Y
581,4,Graduate,6540,0,2,No,No,205,360,0,2,1,2,5,0,4,3,5,5,3,Y
582,2,Graduate,1836,33837,0,No,No,90,360,0,2,3,1,4,3,0,2,2,3,3,N
583,2,Graduate,3166,0,0,Yes,No,36,360,3,5,3,2,5,5,0,2,5,5,2,Y
584,4,Graduate,1880,0,4,No,Yes,61,360,5,2,3,3,0,4,2,7,4,1,0,N
585,0,Graduate,2787,1917,1,No,No,146,360,0,0,4,0,0,3,1,1,3,2,2,N
586,1,Graduate,4283,3000,2,No,Yes,172,84,2,1,3,1,5,2,3,5,3,0,5,N
587,1,Graduate,2297,1522,1,Yes,No,104,360,1,0,4,2,0,1,3,5,4,5,1,Y
588,4,Not Graduate,2165,0,5,Yes,Yes,70,360,3,1,5,3,0,0,4,7,3,3,0,Y
589,3,Graduate,4750,0,1,Yes,No,94,360,2,1,4,5,1,4,4,5,5,4,2,Y
590,4,Graduate,2726,0,3,Yes,Yes,106,360,2,1,4,5,5,2,2,4,2,0,1,N
591,3,Graduate,3000,3416,0,No,No,56,180,0,0,3,0,2,5,2,7,2,5,1,Y
592,1,Graduate,6000,0,2,No,Yes,205,240,1,5,3,4,4,2,4,4,0,2,3,N
593,3,Graduate,9357,0,0,Yes,No,292,360,4,2,3,1,1,2,5,5,5,2,2,Y
594,4,Graduate,3859,3300,4,Yes,Yes,142,180,3,5,5,3,4,0,5,0,4,5,4,Y
595,0,Graduate,16120,0,0,No,No,260,360,0,2,4,2,0,4,5,6,5,0,1,Y
596,4,Not Graduate,3833,0,3,Yes,Yes,110,360,1,2,4,5,2,4,5,0,0,2,3,Y
597,1,Not Graduate,6383,1000,0,No,No,187,360,4,0,4,3,2,5,4,1,4,4,3,N
598,4,Graduate,2987,0,4,No,No,88,360,2,5,4,5,2,0,1,4,0,1,5,N
599,4,Graduate,9963,0,5,No,Yes,180,360,3,3,3,1,0,2,0,0,1,1,4,Y
600,2,Graduate,5780,0,4,No,Yes,192,360,3,4,1,5,1,2,0,0,0,1,0,Y
601,3,Graduate,416,41667,2,Yes,No,350,180,1,4,2,3,3,0,1,3,0,1,1,N
602,1,Not Graduate,2894,2792,5,Yes,No,155,360,3,3,0,5,0,0,2,7,0,3,3,Y
603,2,Graduate,5703,0,4,No,Yes,128,360,3,1,2,4,1,3,0,4,2,1,3,Y
604,0,Graduate,3676,4301,1,No,Yes,172,360,3,5,1,2,0,5,5,6,1,1,0,Y
605,3,Graduate,12000,0,1,No,Yes,496,360,1,3,3,5,3,0,0,1,2,0,4,Y
606,3,Not Graduate,2400,3800,1,No,Yes,,180,5,1,0,2,4,1,5,6,4,3,2,N
607,4,Graduate,3400,2500,1,No,No,173,360,3,4,1,1,5,5,4,5,2,5,3,Y
608,1,Not Graduate,3987,1411,0,Yes,Yes,157,360,5,3,1,3,4,0,5,5,5,1,5,Y
609,3,Graduate,3232,1950,5,Yes,No,108,360,0,5,4,3,1,5,2,6,1,2,0,Y
610,1,Graduate,2900,0,3,Yes,No,71,360,5,4,0,2,3,2,5,4,5,5,5,Y
611,3,Graduate,4106,0,1,No,No,40,180,2,3,2,5,5,3,0,4,4,5,0,Y
612,2,Graduate,8072,240,1,Yes,Yes,253,360,0,4,1,2,0,2,2,5,1,0,2,Y
613,4,Graduate,7583,0,0,Yes,Yes,187,360,2,2,0,0,3,2,1,5,3,3,2,Y
614,3,Graduate,4583,0,3,Yes,No,133,360,4,3,2,3,5,4,2,6,1,0,4,N
